Workbook

Sheet Sheet1
A1: No. | B1: Bayonet Type | C1: Process Size | D1: Description | E1: Corrugation (W) | F1: Maximum Deflection Allowed per Corrugation (10000 Load Cycles EJMA, Axial) (mm) | G1: Price | H1: Total Deflection 10000 Load Cycles, EJMA (mm) | I1: Total Deflection 4000 Load Cycles, EJMA (mm) | J1: Total Deflection 1700 Load Cycles, EJMA (mm) | K1: Total Deflection 1000 Load Cycles, EJMA (mm) | M1: Max. Length of Spool able to use Respective Bellow, 10000 Load Cycles EJMA (mm) | N1: Max. Length of Spool able to use Respective Bellow, 4000 Load Cycles EJMA (mm) | O1: Max. Length of Spool able to use Respective Bellow, 1700 Load Cycles EJMA (mm) | P1: Max. Length of Spool able to use Respective Bellow, 1000 Load Cycles EJMA (mm)
A2: 1 | B2: - | C2: - | D2: BAO 14.6 X 22 X 2 X 0.10 X 10W, B-CUFF 20 MM | E2: 10 | F2: 0.3 | H2: =E2*$F$2 -> 3 | I2: =H2*Constants!$C$4 -> 3.6 | J2: =H2*Constants!$C$3 -> 4.2 | K2: =H2*Constants!$C$2 -> 4.8 | M2: =H2/Constants!$H$17*1000 -> 1142.6121 | N2: =I2/Constants!$H$17*1000 -> 1371.1346 | O2: =J2/Constants!$H$17*1000 -> 1599.657 | P2: =K2/Constants!$H$17*1000 -> 1828.1794
A3: 2 | D3: BAO 14.6 X 22 X 2 X 0.10 X 20W, B-CUFF 20 MM | E3: 20 | H3: =E3*$F$2 -> 6 | I3: =H3*Constants!$C$4 -> 7.2 | J3: =H3*Constants!$C$3 -> 8.4 | K3: =H3*Constants!$C$2 -> 9.6 | M3: =H3/Constants!$H$17*1000 -> 2285.2243 | N3: =I3/Constants!$H$17*1000 -> 2742.2691 | O3: =J3/Constants!$H$17*1000 -> 3199.314 | P3: =K3/Constants!$H$17*1000 -> 3656.3588
A4: 3 | D4: BAO 14.6 X 22 X 2 X 0.10 X 50W, B-CUFF 20 MM | E4: 50 | H4: =E4*$F$2 -> 15 | I4: =H4*Constants!$C$4 -> 18 | J4: =H4*Constants!$C$3 -> 21 | K4: =H4*Constants!$C$2 -> 24 | M4: =H4/Constants!$H$17*1000 -> 5713.0607 | N4: =I4/Constants!$H$17*1000 -> 6855.6728 | O4: =J4/Constants!$H$17*1000 -> 7998.2849 | P4: =K4/Constants!$H$17*1000 -> 9140.897
A5: 4 | B5: C05 | C5: R05T | D5: BAO 18,0 X 28,0 X 2 X 0,15 4W, B-CUFF 25MM | E5: 4 | F5: 0.34 | G5: 45.58 | H5: =E5*$F$5 -> 1.36 | I5: =H5*Constants!$C$4 -> 1.632 | J5: =H5*Constants!$C$3 -> 1.904 | K5: =H5*Constants!$C$2 -> 2.176 | M5: =H5/Constants!$H$17*1000 -> 517.98417 | N5: =I5/Constants!$H$17*1000 -> 621.581 | O5: =J5/Constants!$H$17*1000 -> 725.17783 | P5: =K5/Constants!$H$17*1000 -> 828.77467
A6: 5 | D6: BAO 18,0 X 28,0 X 2 X 0,15 12W, B-CUFF 25MM | E6: 12 | G6: 60.9 | H6: =E6*$F$5 -> 4.08 | I6: =H6*Constants!$C$4 -> 4.896 | J6: =H6*Constants!$C$3 -> 5.712 | K6: =H6*Constants!$C$2 -> 6.528 | M6: =H6/Constants!$H$17*1000 -> 1553.9525 | N6: =I6/Constants!$H$17*1000 -> 1864.743 | O6: =J6/Constants!$H$17*1000 -> 2175.5335 | P6: =K6/Constants!$H$17*1000 -> 2486.324
A7: 6 | D7: BAO 18,0 X 28,0 X 2 X 0,15 27W, B-CUFF 25MM | E7: 27 | G7: 99.62 | H7: =E7*$F$5 -> 9.18 | I7: =H7*Constants!$C$4 -> 11.016 | J7: =H7*Constants!$C$3 -> 12.852 | K7: =H7*Constants!$C$2 -> 14.688 | M7: =H7/Constants!$H$17*1000 -> 3496.3931 | N7: =I7/Constants!$H$17*1000 -> 4195.6717 | O7: =J7/Constants!$H$17*1000 -> 4894.9504 | P7: =K7/Constants!$H$17*1000 -> 5594.229
A8: 7 | D8: BAO 18,0 X 28,0 X 2 X 0,15 54W, B-CUFF 25MM | E8: 54 | G8: 138.48 | H8: =E8*$F$5 -> 18.36 | I8: =H8*Constants!$C$4 -> 22.032 | J8: =H8*Constants!$C$3 -> 25.704 | K8: =H8*Constants!$C$2 -> 29.376 | M8: =H8/Constants!$H$17*1000 -> 6992.7862 | N8: =I8/Constants!$H$17*1000 -> 8391.3435 | O8: =J8/Constants!$H$17*1000 -> 9789.9007 | P8: =K8/Constants!$H$17*1000 -> 11188.458
A9: 8 | B9: C10 | C9: R10T | D9: BAO 27,0 X 41,0 X 2 X 0,15 5W, B-CUFF 37.5MM | E9: 5 | F9: 0.6 | G9: 57.36 | H9: =E9*$F$9 -> 3 | I9: =H9*Constants!$C$4 -> 3.6 | J9: =H9*Constants!$C$3 -> 4.2 | K9: =H9*Constants!$C$2 -> 4.8 | M9: =H9/Constants!$H$17*1000 -> 1142.6121 | N9: =I9/Constants!$H$17*1000 -> 1371.1346 | O9: =J9/Constants!$H$17*1000 -> 1599.657 | P9: =K9/Constants!$H$17*1000 -> 1828.1794
A10: 9 | D10: BAO 27,0 X 41,0 X 2 X 0,15 10W, B-CUFF 37.5MM | E10: 10 | G10: 63.86 | H10: =E10*$F$9 -> 6 | I10: =H10*Constants!$C$4 -> 7.2 | J10: =H10*Constants!$C$3 -> 8.4 | K10: =H10*Constants!$C$2 -> 9.6 | M10: =H10/Constants!$H$17*1000 -> 2285.2243 | N10: =I10/Constants!$H$17*1000 -> 2742.2691 | O10: =J10/Constants!$H$17*1000 -> 3199.314 | P10: =K10/Constants!$H$17*1000 -> 3656.3588
A11: 10 | D11: BAO 27,0 X 41,0 X 2 X 0,15 16W, B-CUFF 37.5MM | E11: 16 | G11: 91.62 | H11: =E11*$F$9 -> 9.6 | I11: =H11*Constants!$C$4 -> 11.52 | J11: =H11*Constants!$C$3 -> 13.44 | K11: =H11*Constants!$C$2 -> 15.36 | M11: =H11/Constants!$H$17*1000 -> 3656.3588 | N11: =I11/Constants!$H$17*1000 -> 4387.6306 | O11: =J11/Constants!$H$17*1000 -> 5118.9023 | P11: =K11/Constants!$H$17*1000 -> 5850.1741
A12: 11 | D12: BAO 27,0 X 41,0 X 2 X 0,15 35W, B-CUFF 37.5MM | E12: 35 | G12: 130.56 | H12: =E12*$F$9 -> 21 | I12: =H12*Constants!$C$4 -> 25.2 | J12: =H12*Constants!$C$3 -> 29.4 | K12: =H12*Constants!$C$2 -> 33.6 | M12: =H12/Constants!$H$17*1000 -> 7998.2849 | N12: =I12/Constants!$H$17*1000 -> 9597.9419 | O12: =J12/Constants!$H$17*1000 -> 11197.599 | P12: =K12/Constants!$H$17*1000 -> 12797.256
A13: 12 | B13: C15 | C13: R15T | D13: BAO 34,0 X 50,0 X 2 X 0,20 5W, B-CUFF 47MM | E13: 5 | F13: 0.63 | G13: 107.36 | H13: =E13*$F$13 -> 3.15 | I13: =H13*Constants!$C$4 -> 3.78 | J13: =H13*Constants!$C$3 -> 4.41 | K13: =H13*Constants!$C$2 -> 5.04 | M13: =H13/Constants!$H$17*1000 -> 1199.7427 | N13: =I13/Constants!$H$17*1000 -> 1439.6913 | O13: =J13/Constants!$H$17*1000 -> 1679.6398 | P13: =K13/Constants!$H$17*1000 -> 1919.5884
A14: 13 | D14: BAO 34,0 X 50,0 X 2 X 0,20 10W, B-CUFF 47MM | E14: 10 | G14: 0 | H14: =E14*$F$13 -> 6.3 | I14: =H14*Constants!$C$4 -> 7.56 | J14: =H14*Constants!$C$3 -> 8.82 | K14: =H14*Constants!$C$2 -> 10.08 | M14: =H14/Constants!$H$17*1000 -> 2399.4855 | N14: =I14/Constants!$H$17*1000 -> 2879.3826 | O14: =J14/Constants!$H$17*1000 -> 3359.2797 | P14: =K14/Constants!$H$17*1000 -> 3839.1768
A15: 14 | D15: BAO 34,0 X 50,0 X 2 X 0,20 15W, B-CUFF 47MM | E15: 15 | G15: 85.85 | H15: =E15*$F$13 -> 9.45 | I15: =H15*Constants!$C$4 -> 11.34 | J15: =H15*Constants!$C$3 -> 13.23 | K15: =H15*Constants!$C$2 -> 15.12 | M15: =H15/Constants!$H$17*1000 -> 3599.2282 | N15: =I15/Constants!$H$17*1000 -> 4319.0739 | O15: =J15/Constants!$H$17*1000 -> 5038.9195 | P15: =K15/Constants!$H$17*1000 -> 5758.7651
A16: 15 | D16: BAO 34,0 X 50,0 X 2 X 0,20 35W, B-CUFF 47MM | E16: 35 | G16: 132.86 | H16: =E16*$F$13 -> 22.05 | I16: =H16*Constants!$C$4 -> 26.46 | J16: =H16*Constants!$C$3 -> 30.87 | K16: =H16*Constants!$C$2 -> 35.28 | M16: =H16/Constants!$H$17*1000 -> 8398.1992 | N16: =I16/Constants!$H$17*1000 -> 10077.839 | O16: =J16/Constants!$H$17*1000 -> 11757.479 | P16: =K16/Constants!$H$17*1000 -> 13437.119
A17: 16 | B17: B15 | C17: R15P | D17: BAO 42,0 X 60,0 X 2 X 0,20 4W, B-CUFF 50.5MM | E17: 4 | F17: 0.75 | G17: 88.02 | H17: =E17*$F$17 -> 3 | I17: =H17*Constants!$C$4 -> 3.6 | J17: =H17*Constants!$C$3 -> 4.2 | K17: =H17*Constants!$C$2 -> 4.8 | M17: =H17/Constants!$H$17*1000 -> 1142.6121 | N17: =I17/Constants!$H$17*1000 -> 1371.1346 | O17: =J17/Constants!$H$17*1000 -> 1599.657 | P17: =K17/Constants!$H$17*1000 -> 1828.1794
A18: 17 | D18: BAO 42,0 X 60,0 X 2 X 0,20 8W, B-CUFF 50.5MM | E18: 8 | G18: 97.1 | H18: =E18*$F$17 -> 6 | I18: =H18*Constants!$C$4 -> 7.2 | J18: =H18*Constants!$C$3 -> 8.4 | K18: =H18*Constants!$C$2 -> 9.6 | M18: =H18/Constants!$H$17*1000 -> 2285.2243 | N18: =I18/Constants!$H$17*1000 -> 2742.2691 | O18: =J18/Constants!$H$17*1000 -> 3199.314 | P18: =K18/Constants!$H$17*1000 -> 3656.3588
A19: 18 | D19: BAO 42.0 X 60.0 X 2 X 0.25 16W, B-CUFF 50.5MM | E19: 16 | G19: 139.41 | H19: =E19*$F$17 -> 12 | I19: =H19*Constants!$C$4 -> 14.4 | J19: =H19*Constants!$C$3 -> 16.8 | K19: =H19*Constants!$C$2 -> 19.2 | M19: =H19/Constants!$H$17*1000 -> 4570.4485 | N19: =I19/Constants!$H$17*1000 -> 5484.5382 | O19: =J19/Constants!$H$17*1000 -> 6398.6279 | P19: =K19/Constants!$H$17*1000 -> 7312.7176
A20: 19 | D20: BAO 42,0 X 60,0 X 2 X 0,20 26W, B-CUFF 50.5MM | E20: 26 | G20: 152.69 | H20: =E20*$F$17 -> 19.5 | I20: =H20*Constants!$C$4 -> 23.4 | J20: =H20*Constants!$C$3 -> 27.3 | K20: =H20*Constants!$C$2 -> 31.2 | M20: =H20/Constants!$H$17*1000 -> 7426.9788 | N20: =I20/Constants!$H$17*1000 -> 8912.3746 | O20: =J20/Constants!$H$17*1000 -> 10397.77 | P20: =K20/Constants!$H$17*1000 -> 11883.166
A21: 20 | B21: B20 | C21: R20P | D21: BAO 56,1 X 77,0 X 2 X 0,25 4W, B-CUFF 68MM | E21: 4 | F21: 0.9 | G21: 60.34 | H21: =E21*$F$21 -> 3.6 | I21: =H21*Constants!$C$4 -> 4.32 | J21: =H21*Constants!$C$3 -> 5.04 | K21: =H21*Constants!$C$2 -> 5.76 | M21: =H21/Constants!$H$17*1000 -> 1371.1346 | N21: =I21/Constants!$H$17*1000 -> 1645.3615 | O21: =J21/Constants!$H$17*1000 -> 1919.5884 | P21: =K21/Constants!$H$17*1000 -> 2193.8153
A22: 21 | D22: BAO 56,1 X 77,0 X 2 X 0,25 8W, B-CUFF 68MM | E22: 8 | G22: 80.2 | H22: =E22*$F$21 -> 7.2 | I22: =H22*Constants!$C$4 -> 8.64 | J22: =H22*Constants!$C$3 -> 10.08 | K22: =H22*Constants!$C$2 -> 11.52 | M22: =H22/Constants!$H$17*1000 -> 2742.2691 | N22: =I22/Constants!$H$17*1000 -> 3290.7229 | O22: =J22/Constants!$H$17*1000 -> 3839.1768 | P22: =K22/Constants!$H$17*1000 -> 4387.6306
A23: 22 | D23: BAO 56,1 X 77,0 X 2 X 0,25 16W, B-CUFF 68MM | E23: 16 | G23: 109.36 | H23: =E23*$F$21 -> 14.4 | I23: =H23*Constants!$C$4 -> 17.28 | J23: =H23*Constants!$C$3 -> 20.16 | K23: =H23*Constants!$C$2 -> 23.04 | M23: =H23/Constants!$H$17*1000 -> 5484.5382 | N23: =I23/Constants!$H$17*1000 -> 6581.4459 | O23: =J23/Constants!$H$17*1000 -> 7678.3535 | P23: =K23/Constants!$H$17*1000 -> 8775.2612
A24: 23 | D24: BAO 56,1 X 77,0 X 2 X 0,25 27W, B-CUFF 68MM | E24: 27 | G24: 186.98 | H24: =E24*$F$21 -> 24.3 | I24: =H24*Constants!$C$4 -> 29.16 | J24: =H24*Constants!$C$3 -> 34.02 | K24: =H24*Constants!$C$2 -> 38.88 | M24: =H24/Constants!$H$17*1000 -> 9255.1583 | N24: =I24/Constants!$H$17*1000 -> 11106.19 | O24: =J24/Constants!$H$17*1000 -> 12957.222 | P24: =K24/Constants!$H$17*1000 -> 14808.253
A25: 24 | B25: B25 | C25: R25P | D25: BAO 65,4 X 90,0 X 3 X 0,30 16W, B-CUFF 82MM | E25: 16 | F25: 0.85 | G25: 268.28 | H25: =E25*$F$25 -> 13.6 | I25: =H25*Constants!$C$4 -> 16.32 | J25: =H25*Constants!$C$3 -> 19.04 | K25: =H25*Constants!$C$2 -> 21.76 | M25: =H25/Constants!$H$17*1000 -> 5179.8417 | N25: =I25/Constants!$H$17*1000 -> 6215.81 | O25: =J25/Constants!$H$17*1000 -> 7251.7783 | P25: =K25/Constants!$H$17*1000 -> 8287.7467
A26: 25 | D26: BAO 65,4 X 90,0 X 3 X 0,30 27W, B-CUFF 82MM | E26: 27 | G26: 341.35 | H26: =E26*$F$25 -> 22.95 | I26: =H26*Constants!$C$4 -> 27.54 | J26: =H26*Constants!$C$3 -> 32.13 | K26: =H26*Constants!$C$2 -> 36.72 | M26: =H26/Constants!$H$17*1000 -> 8740.9828 | N26: =I26/Constants!$H$17*1000 -> 10489.179 | O26: =J26/Constants!$H$17*1000 -> 12237.376 | P26: =K26/Constants!$H$17*1000 -> 13985.572
A27: 26 | B27: B30 | C27: R30P | D27: BAO 85,0 X 106,0 X 2 X 0,30 4W, B-CUFF 101MM | E27: 4 | F27: 0.9 | G27: 137.81 | H27: =E27*$F$27 -> 3.6 | I27: =H27*Constants!$C$4 -> 4.32 | J27: =H27*Constants!$C$3 -> 5.04 | K27: =H27*Constants!$C$2 -> 5.76 | M27: =H27/Constants!$H$17*1000 -> 1371.1346 | N27: =I27/Constants!$H$17*1000 -> 1645.3615 | O27: =J27/Constants!$H$17*1000 -> 1919.5884 | P27: =K27/Constants!$H$17*1000 -> 2193.8153
A28: 27 | D28: BAO 85,0 X 106,0 X 2 X 0,30 8W, B-CUFF 101MM | E28: 8 | G28: 158.68 | H28: =E28*$F$27 -> 7.2 | I28: =H28*Constants!$C$4 -> 8.64 | J28: =H28*Constants!$C$3 -> 10.08 | K28: =H28*Constants!$C$2 -> 11.52 | M28: =H28/Constants!$H$17*1000 -> 2742.2691 | N28: =I28/Constants!$H$17*1000 -> 3290.7229 | O28: =J28/Constants!$H$17*1000 -> 3839.1768 | P28: =K28/Constants!$H$17*1000 -> 4387.6306
A29: 28 | D29: BAO 85,0 X 106,0 X 2 X 0,30 16W, B-CUFF 101MM | E29: 16 | G29: 308.66 | H29: =E29*$F$27 -> 14.4 | I29: =H29*Constants!$C$4 -> 17.28 | J29: =H29*Constants!$C$3 -> 20.16 | K29: =H29*Constants!$C$2 -> 23.04 | M29: =H29/Constants!$H$17*1000 -> 5484.5382 | N29: =I29/Constants!$H$17*1000 -> 6581.4459 | O29: =J29/Constants!$H$17*1000 -> 7678.3535 | P29: =K29/Constants!$H$17*1000 -> 8775.2612
A30: 29 | D30: BAO 85,0 X 106,0 X 2 X 0,30 27W, B-CUFF 101MM | E30: 27 | G30: 276.96 | H30: =E30*$F$27 -> 24.3 | I30: =H30*Constants!$C$4 -> 29.16 | J30: =H30*Constants!$C$3 -> 34.02 | K30: =H30*Constants!$C$2 -> 38.88 | M30: =H30/Constants!$H$17*1000 -> 9255.1583 | N30: =I30/Constants!$H$17*1000 -> 11106.19 | O30: =J30/Constants!$H$17*1000 -> 12957.222 | P30: =K30/Constants!$H$17*1000 -> 14808.253
A31: 30 | B31: B40 | C31: R40P | D31: BAO 96.0 X 122.0 X 3 X 0.3 4W, B-CUFF 113MM | E31: 4 | F31: 0.9 | G31: 169.32 | H31: =E31*$F$31 -> 3.6 | I31: =H31*Constants!$C$4 -> 4.32 | J31: =H31*Constants!$C$3 -> 5.04 | K31: =H31*Constants!$C$2 -> 5.76 | M31: =H31/Constants!$H$17*1000 -> 1371.1346 | N31: =I31/Constants!$H$17*1000 -> 1645.3615 | O31: =J31/Constants!$H$17*1000 -> 1919.5884 | P31: =K31/Constants!$H$17*1000 -> 2193.8153
A32: 31 | D32: BAO 96.0 X 122.0 X 3 X 0.3 10W, B-CUFF 113MM | E32: 10 | G32: 217.59 | H32: =E32*$F$31 -> 9 | I32: =H32*Constants!$C$4 -> 10.8 | J32: =H32*Constants!$C$3 -> 12.6 | K32: =H32*Constants!$C$2 -> 14.4 | M32: =H32/Constants!$H$17*1000 -> 3427.8364 | N32: =I32/Constants!$H$17*1000 -> 4113.4037 | O32: =J32/Constants!$H$17*1000 -> 4798.9709 | P32: =K32/Constants!$H$17*1000 -> 5484.5382
A33: 32 | D33: BAO 96.0 X 122.0 X 3 X 0.3 16W, B-CUFF 113MM | E33: 16 | G33: 411.05 | H33: =E33*$F$31 -> 14.4 | I33: =H33*Constants!$C$4 -> 17.28 | J33: =H33*Constants!$C$3 -> 20.16 | K33: =H33*Constants!$C$2 -> 23.04 | M33: =H33/Constants!$H$17*1000 -> 5484.5382 | N33: =I33/Constants!$H$17*1000 -> 6581.4459 | O33: =J33/Constants!$H$17*1000 -> 7678.3535 | P33: =K33/Constants!$H$17*1000 -> 8775.2612

Sheet Properties of LN2
I1: Liquid Phase Data
I3: Data on Saturation Curve
A4: Temperature (K) | B4: Pressure (bar) | C4: Density (mol/l) | D4: Volume (l/mol) | E4: Internal Energy (kJ/mol) | F4: Enthalpy (kJ/mol) | G4: Entropy (J/mol*K) | H4: Cv (J/mol*K) | I4: Cp (J/mol*K) | J4: Sound Spd. (m/s) | K4: Joule-Thomson (K/bar) | L4: Viscosity (uPa*s) | M4: Therm. Cond. (W/m*K) | N4: Surf. Tension (N/m) | O4: Phase
A5: 63.151 | B5: 0.1252 | C5: 30.957 | D5: 0.032303 | E5: -4.223 | F5: -4.2226 | G5: 67.951 | H5: 32.951 | I5: 56.033 | J5: 995.28 | K5: -0.040419 | L5: 311.59 | M5: 0.17328 | N5: 0.012205 | O5: liquid
A6: 65.244 | B6: 0.18149 | C6: 30.649 | D6: 0.032627 | E6: -4.1057 | F6: -4.1051 | G6: 69.779 | H6: 32.544 | I6: 56.134 | J6: 973.87 | K6: -0.039751 | L6: 278.48 | M6: 0.16906 | N6: 0.011702 | O6: liquid
A7: 66.866 | B7: 0.23778 | C7: 30.407 | D7: 0.032887 | E7: -4.0147 | F7: -4.0139 | G7: 71.157 | H7: 32.233 | I7: 56.223 | J7: 957.4 | K7: -0.039184 | L7: 256.27 | M7: 0.1658 | N7: 0.011316 | O7: liquid
A8: 68.206 | B8: 0.29407 | C8: 30.206 | D8: 0.033107 | E8: -3.9393 | F8: -3.9384 | G8: 72.273 | H8: 31.979 | I8: 56.306 | J8: 943.85 | K8: -0.03868 | L8: 239.85 | M8: 0.16311 | N8: 0.010998 | O8: liquid
A9: 69.355 | B9: 0.35036 | C9: 30.031 | D9: 0.033299 | E9: -3.8746 | F9: -3.8735 | G9: 73.214 | H9: 31.765 | I9: 56.385 | J9: 932.24 | K9: -0.038218 | L9: 226.99 | M9: 0.16081 | N9: 0.010727 | O9: liquid
A10: 70.368 | B10: 0.40665 | C10: 29.876 | D10: 0.033471 | E10: -3.8176 | F10: -3.8162 | G10: 74.03 | H10: 31.578 | I10: 56.461 | J10: 922.03 | K10: -0.037789 | L10: 216.5 | M10: 0.15878 | N10: 0.01049 | O10: liquid
A11: 71.275 | B11: 0.46295 | C11: 29.736 | D11: 0.033629 | E11: -3.7664 | F11: -3.7648 | G11: 74.753 | H11: 31.413 | I11: 56.535 | J11: 912.88 | K11: -0.037384 | L11: 207.71 | M11: 0.15697 | N11: 0.010277 | O11: liquid
A12: 72.1 | B12: 0.51924 | C12: 29.609 | D12: 0.033774 | E12: -3.7198 | F12: -3.718 | G12: 75.403 | H12: 31.265 | I12: 56.606 | J12: 904.57 | K12: -0.036999 | L12: 200.18 | M12: 0.15532 | N12: 0.010085 | O12: liquid
A13: 72.858 | B13: 0.57553 | C13: 29.49 | D13: 0.033909 | E13: -3.6769 | F13: -3.675 | G13: 75.995 | H13: 31.131 | I13: 56.676 | J13: 896.92 | K13: -0.03663 | L13: 193.62 | M13: 0.15381 | N13: 0.0099096 | O13: liquid
A14: 73.561 | B14: 0.63182 | C14: 29.38 | D14: 0.034036 | E14: -3.6372 | F14: -3.635 | G14: 76.538 | H14: 31.008 | I14: 56.745 | J14: 889.83 | K14: -0.036275 | L14: 187.82 | M14: 0.15241 | N14: 0.0097473 | O14: liquid
A15: 74.216 | B15: 0.68811 | C15: 29.277 | D15: 0.034156 | E15: -3.6001 | F15: -3.5977 | G15: 77.041 | H15: 30.895 | I15: 56.813 | J15: 883.21 | K15: -0.035932 | L15: 182.65 | M15: 0.1511 | N15: 0.0095963 | O15: liquid
A16: 74.831 | B16: 0.7444 | C16: 29.18 | D16: 0.034271 | E16: -3.5652 | F16: -3.5626 | G16: 77.509 | H16: 30.789 | I16: 56.88 | J16: 876.99 | K16: -0.035599 | L16: 177.99 | M16: 0.14987 | N16: 0.0094549 | O16: liquid
... A118: 97.437 | B118: 6.4861 | C118: 25.148 | D118: 0.039765 | E118: -2.2415 | F118: -2.2157 | G118: 92.958 | H118: 27.763 | I118: 63.276 | J118: 635.49 | K118: -0.010374 | L118: 81.769 | M118: 0.10516 | N118: 0.0045896 | O118: liquid
A119: 97.556 | B119: 6.5424 | C119: 25.123 | D119: 0.039803 | E119: -2.2342 | F119: -2.2081 | G119: 93.034 | H119: 27.752 | I119: 63.345 | J119: 634.11 | K119: -0.010128 | L119: 81.479 | M119: 0.10492 | N119: 0.004566 | O119: liquid | Q119: x3 | R119: 7
A120: 97.673 | B120: 6.5987 | C120: 25.099 | D120: 0.039842 | E120: -2.2269 | F120: -2.2006 | G120: 93.108 | H120: 27.741 | I120: 63.415 | J120: 632.74 | K120: -0.0098808 | L120: 81.192 | M120: 0.10469 | N120: 0.0045426 | O120: liquid | Q120: y3 | R120: =A127+((R119-B127)*(A128-A127)/(B128-B127)) -> 98.493522
A121: 97.791 | B121: 6.655 | C121: 25.075 | D121: 0.039881 | E121: -2.2197 | F121: -2.1932 | G121: 93.182 | H121: 27.731 | I121: 63.485 | J121: 631.37 | K121: -0.0096336 | L121: 80.908 | M121: 0.10446 | N121: 0.0045193 | O121: liquid
A122: 97.907 | B122: 6.7113 | C122: 25.051 | D122: 0.039919 | E122: -2.2125 | F122: -2.1857 | G122: 93.256 | H122: 27.72 | I122: 63.555 | J122: 630.01 | K122: -0.0093859 | L122: 80.627 | M122: 0.10423 | N122: 0.0044963 | O122: liquid | R122: =_xlfn.FORECAST.LINEAR(R119, A126:A131, B126:B131) -> 98.493169
A123: 98.023 | B123: 6.7676 | C123: 25.027 | D123: 0.039957 | E123: -2.2054 | F123: -2.1784 | G123: 93.329 | H123: 27.71 | I123: 63.625 | J123: 628.65 | K123: -0.0091378 | L123: 80.349 | M123: 0.104 | N123: 0.0044733 | O123: liquid
A124: 98.138 | B124: 6.8239 | C124: 25.003 | D124: 0.039996 | E124: -2.1983 | F124: -2.171 | G124: 93.402 | H124: 27.699 | I124: 63.696 | J124: 627.31 | K124: -0.0088891 | L124: 80.073 | M124: 0.10378 | N124: 0.0044506 | O124: liquid
A125: 98.252 | B125: 6.8802 | C125: 24.979 | D125: 0.040034 | E125: -2.1912 | F125: -2.1637 | G125: 93.474 | H125: 27.689 | I125: 63.767 | J125: 625.96 | K125: -0.00864 | L125: 79.801 | M125: 0.10355 | N125: 0.004428 | O125: liquid
A126: 98.366 | B126: 6.9364 | C126: 24.955 | D126: 0.040072 | E126: -2.1842 | F126: -2.1564 | G126: 93.546 | H126: 27.679 | I126: 63.838 | J126: 624.63 | K126: -0.0083904 | L126: 79.531 | M126: 0.10333 | N126: 0.0044056 | O126: liquid
A127: 98.479 | B127: 6.9927 | C127: 24.931 | D127: 0.04011 | E127: -2.1772 | F127: -2.1491 | G127: 93.617 | H127: 27.669 | I127: 63.909 | J127: 623.3 | K127: -0.0081403 | L127: 79.263 | M127: 0.10311 | N127: 0.0043833 | O127: liquid
A128: 98.591 | B128: 7.049 | C128: 24.908 | D128: 0.040148 | E128: -2.1702 | F128: -2.1419 | G128: 93.688 | H128: 27.659 | I128: 63.98 | J128: 621.97 | K128: -0.0078897 | L128: 78.998 | M128: 0.10288 | N128: 0.0043611 | O128: liquid
A129: 98.703 | B129: 7.1053 | C129: 24.884 | D129: 0.040186 | E129: -2.1633 | F129: -2.1347 | G129: 93.759 | H129: 27.65 | I129: 64.052 | J129: 620.66 | K129: -0.0076386 | L129: 78.736 | M129: 0.10266 | N129: 0.0043392 | O129: liquid
A130: 98.814 | B130: 7.1616 | C130: 24.861 | D130: 0.040224 | E130: -2.1564 | F130: -2.1276 | G130: 93.829 | H130: 27.64 | I130: 64.124 | J130: 619.34 | K130: -0.0073869 | L130: 78.476 | M130: 0.10245 | N130: 0.0043173 | O130: liquid
A131: 98.925 | B131: 7.2179 | C131: 24.838 | D131: 0.040262 | E131: -2.1495 | F131: -2.1205 | G131: 93.898 | H131: 27.631 | I131: 64.196 | J131: 618.04 | K131: -0.0071348 | L131: 78.218 | M131: 0.10223 | N131: 0.0042956 | O131: liquid
A132: 99.034 | B132: 7.2742 | C132: 24.814 | D132: 0.040299 | E132: -2.1427 | F132: -2.1134 | G132: 93.968 | H132: 27.621 | I132: 64.269 | J132: 616.74 | K132: -0.0068821 | L132: 77.963 | M132: 0.10201 | N132: 0.0042741 | O132: liquid
A133: 99.144 | B133: 7.3305 | C133: 24.791 | D133: 0.040337 | E133: -2.1359 | F133: -2.1064 | G133: 94.036 | H133: 27.612 | I133: 64.341 | J133: 615.44 | K133: -0.0066289 | L133: 77.71 | M133: 0.1018 | N133: 0.0042527 | O133: liquid
A134: 99.252 | B134: 7.3868 | C134: 24.768 | D134: 0.040375 | E134: -2.1292 | F134: -2.0993 | G134: 94.105 | H134: 27.603 | I134: 64.414 | J134: 614.15 | K134: -0.0063751 | L134: 77.459 | M134: 0.10158 | N134: 0.0042314 | O134: liquid
... A604: 126.12 | B604: 33.844 | C604: 12.653 | D604: 0.079032 | E604: 0.32097 | F604: 0.58844 | G604: 116.25 | H604: 46.947 | I604: 9851.4 | J604: 142.22 | K604: 0.54207 | L604: 20.949 | M604: 0.10214 | N604: 2.5348e-06 | O604: liquid
A605: 126.16 | B605: 33.9 | C605: 12.333 | D605: 0.081082 | E605: 0.3624 | F605: 0.63727 | G605: 116.64 | H605: undefined | I605: undefined | J605: undefined | K605: 0.55953 | L605: 20.327 | M605: undefined | N605: 1.0863e-06 | O605: liquid

Sheet Vapor Data
A1: Vapor Phase Data
A3: Data on Saturation Curve
A4: Temperature (K) | B4: Pressure (bar) | C4: Density (mol/l) | D4: Volume (l/mol) | E4: Internal Energy (kJ/mol) | F4: Enthalpy (kJ/mol) | G4: Entropy (J/mol*K) | H4: Cv (J/mol*K) | I4: Cp (J/mol*K) | J4: Sound Spd. (m/s) | K4: Joule-Thomson (K/bar) | L4: Viscosity (uPa*s) | M4: Therm. Cond. (W/m*K) | N4: Phase
A5: 63.151 | B5: 0.1252 | C5: 0.02407 | D5: 41.546 | E5: 1.2945 | F5: 1.8147 | G5: 163.55 | H5: 21.007 | I5: 29.647 | J5: 161.11 | K5: 4.0718 | L5: 4.3763 | M5: 0.0056209 | N5: vapor
A6: 65.244 | B6: 0.18149 | C6: 0.033875 | D6: 29.521 | E6: 1.3345 | F6: 1.8703 | G6: 161.36 | H6: 21.066 | I6: 29.808 | J6: 163.47 | K6: 3.7965 | L6: 4.5302 | M6: 0.0058423 | N6: vapor
A7: 66.866 | B7: 0.23778 | C7: 0.043425 | D7: 23.028 | E7: 1.365 | F7: 1.9126 | G7: 159.79 | H7: 21.118 | I7: 29.955 | J7: 165.23 | K7: 3.6057 | L7: 4.6501 | M7: 0.0060154 | N7: vapor
A8: 68.206 | B8: 0.29407 | C8: 0.052787 | D8: 18.944 | E8: 1.3897 | F8: 1.9468 | G8: 158.56 | H8: 21.166 | I8: 30.092 | J8: 166.62 | K8: 3.461 | L8: 4.7496 | M8: 0.0061596 | N8: vapor
A9: 69.355 | B9: 0.35036 | C9: 0.062001 | D9: 16.129 | E9: 1.4106 | F9: 1.9757 | G9: 157.55 | H9: 21.21 | I9: 30.222 | J9: 167.79 | K9: 3.3454 | L9: 4.8353 | M9: 0.0062843 | N9: vapor
A10: 70.368 | B10: 0.40665 | C10: 0.071094 | D10: 14.066 | E10: 1.4288 | F10: 2.0008 | G10: 156.7 | H10: 21.251 | I10: 30.345 | J10: 168.78 | K10: 3.2495 | L10: 4.911 | M10: 0.0063949 | N10: vapor
A11: 71.275 | B11: 0.46295 | C11: 0.080086 | D11: 12.487 | E11: 1.4448 | F11: 2.0229 | G11: 155.96 | H11: 21.29 | I11: 30.464 | J11: 169.65 | K11: 3.1678 | L11: 4.9792 | M11: 0.0064949 | N11: vapor
A12: 72.1 | B12: 0.51924 | C12: 0.08899 | D12: 11.237 | E12: 1.4592 | F12: 2.0427 | G12: 155.3 | H12: 21.327 | I12: 30.579 | J12: 170.41 | K12: 3.097 | L12: 5.0414 | M12: 0.0065864 | N12: vapor
A13: 72.858 | B13: 0.57553 | C13: 0.097819 | D13: 10.223 | E13: 1.4722 | F13: 2.0606 | G13: 154.72 | H13: 21.363 | I13: 30.691 | J13: 171.1 | K13: 3.0345 | L13: 5.0988 | M13: 0.0066711 | N13: vapor
A14: 73.561 | B14: 0.63182 | C14: 0.10658 | D14: 9.3826 | E14: 1.4842 | F14: 2.077 | G14: 154.19 | H14: 21.397 | I14: 30.8 | J14: 171.72 | K14: 2.9788 | L14: 5.1522 | M14: 0.0067501 | N14: vapor
A15: 74.216 | B15: 0.68811 | C15: 0.11528 | D15: 8.6744 | E15: 1.4952 | F15: 2.0921 | G15: 153.71 | H15: 21.431 | I15: 30.906 | J15: 172.29 | K15: 2.9286 | L15: 5.2021 | M15: 0.0068243 | N15: vapor
A16: 74.831 | B16: 0.7444 | C16: 0.12393 | D16: 8.069 | E16: 1.5054 | F16: 2.1061 | G16: 153.26 | H16: 21.463 | I16: 31.01 | J16: 172.81 | K16: 2.883 | L16: 5.2492 | M16: 0.0068945 | N16: vapor
... A604: 126.12 | B604: 33.844 | C604: 9.7164 | D604: 0.10292 | E604: 0.73157 | F604: 1.0799 | G604: 120.15 | H604: 50.3 | I604: 13393 | J604: 143.68 | K604: 0.67564 | L604: 16.14 | M604: 0.11832 | N604: vapor
A605: 126.16 | B605: 33.9 | C605: 10.03 | D605: 0.099699 | E605: 0.68355 | F605: 1.0215 | G605: 119.68 | H605: undefined | I605: undefined | J605: undefined | K605: 0.6584 | L605: 16.568 | M605: undefined | N605: vapor

Sheet Alt LN2 Properties
A1: Liquid Phase Data
A3: Data on Saturation Curve
A4: Temperature (K) | B4: Pressure (bar) | C4: Density (mol/l) | D4: Volume (l/mol) | E4: Internal Energy (kJ/mol) | F4: Enthalpy (kJ/mol) | G4: Entropy (J/mol*K) | H4: Cv (J/mol*K) | I4: Cp (J/mol*K) | J4: Sound Spd. (m/s) | K4: Joule-Thomson (K/bar) | L4: Viscosity (uPa*s) | M4: Therm. Cond. (W/m*K) | N4: Surf. Tension (N/m) | O4: Phase
A5: 63.151 | B5: 0.1252 | C5: 30.957 | D5: 0.032303 | E5: -4.223 | F5: -4.2226 | G5: 67.951 | H5: 32.951 | I5: 56.033 | J5: 995.28 | K5: -0.040419 | L5: 311.59 | M5: 0.17328 | N5: 0.012205 | O5: liquid
A6: 66.532 | B6: 0.2252 | C6: 30.457 | D6: 0.032833 | E6: -4.0334 | F6: -4.0327 | G6: 70.876 | H6: 32.296 | I6: 56.204 | J6: 960.78 | K6: -0.039305 | L6: 260.62 | M6: 0.16647 | N6: 0.011395 | O6: liquid
A7: 68.861 | B7: 0.3252 | C7: 30.106 | D7: 0.033216 | E7: -3.9025 | F7: -3.9014 | G7: 72.811 | H7: 31.856 | I7: 56.35 | J7: 937.23 | K7: -0.03842 | L7: 232.39 | M7: 0.1618 | N7: 0.010843 | O7: liquid
A8: 70.677 | B8: 0.4252 | C8: 29.829 | D8: 0.033525 | E8: -3.8001 | F8: -3.7987 | G8: 74.278 | H8: 31.522 | I8: 56.486 | J8: 918.92 | K8: -0.037653 | L8: 213.44 | M8: 0.15816 | N8: 0.010417 | O8: liquid
A9: 72.183 | B9: 0.5252 | C9: 29.596 | D9: 0.033789 | E9: -3.7151 | F9: -3.7133 | G9: 75.469 | H9: 31.251 | I9: 56.614 | J9: 903.73 | K9: -0.036959 | L9: 199.44 | M9: 0.15515 | N9: 0.010066 | O9: liquid
A10: 73.481 | B10: 0.6252 | C10: 29.393 | D10: 0.034022 | E10: -3.6417 | F10: -3.6396 | G10: 76.476 | H10: 31.022 | I10: 56.737 | J10: 890.64 | K10: -0.036316 | L10: 188.47 | M10: 0.15256 | N10: 0.0097658 | O10: liquid
A11: 74.626 | B11: 0.7252 | C11: 29.212 | D11: 0.034232 | E11: -3.5768 | F11: -3.5743 | G11: 77.353 | H11: 30.824 | I11: 56.857 | J11: 879.07 | K11: -0.035711 | L11: 179.53 | M11: 0.15028 | N11: 0.0095021 | O11: liquid
A12: 75.655 | B12: 0.8252 | C12: 29.048 | D12: 0.034425 | E12: -3.5184 | F12: -3.5156 | G12: 78.13 | H12: 30.65 | I12: 56.974 | J12: 868.65 | K12: -0.035136 | L12: 172.04 | M12: 0.14823 | N12: 0.0092664 | O12: liquid
A13: 76.592 | B13: 0.9252 | C13: 28.898 | D13: 0.034604 | E13: -3.4651 | F13: -3.4619 | G13: 78.83 | H13: 30.494 | I13: 57.089 | J13: 859.15 | K13: -0.034583 | L13: 165.62 | M13: 0.14637 | N13: 0.0090528 | O13: liquid
A14: 77.455 | B14: 1.0252 | C14: 28.759 | D14: 0.034772 | E14: -3.416 | F14: -3.4124 | G14: 79.468 | H14: 30.352 | I14: 57.203 | J14: 850.38 | K14: -0.034049 | L14: 160.03 | M14: 0.14465 | N14: 0.0088571 | O14: liquid
A15: 78.255 | B15: 1.1252 | C15: 28.628 | D15: 0.03493 | E15: -3.3703 | F15: -3.3664 | G15: 80.055 | H15: 30.223 | I15: 57.315 | J15: 842.22 | K15: -0.033531 | L15: 155.1 | M15: 0.14306 | N15: 0.0086761 | O15: liquid
A16: 79.003 | B16: 1.2252 | C16: 28.506 | D16: 0.035081 | E16: -3.3276 | F16: -3.3233 | G16: 80.599 | H16: 30.104 | I16: 57.425 | J16: 834.57 | K16: -0.033027 | L16: 150.69 | M16: 0.14157 | N16: 0.0085077 | O16: liquid
... A342: 126.11 | B342: 33.825 | C342: 12.734 | D342: 0.078531 | E342: 0.31052 | F342: 0.57615 | G342: 116.16 | H342: 46.49 | I342: 8288.7 | J342: 143.16 | K342: 0.53733 | L342: 21.11 | M342: 0.096885 | N342: 3.0581e-06 | O342: liquid
A343: 126.17 | B343: 33.925 | C343: 12.111 | D343: 0.082568 | E343: 0.39123 | F343: 0.67134 | G343: 116.91 | H343: undefined | I343: undefined | J343: undefined | K343: 0.57042 | L343: 19.911 | M343: undefined | N343: 5.3334e-07 | O343: liquid
A345: Vapor Phase Data
A347: Data on Saturation Curve
A348: Temperature (K) | B348: Pressure (bar) | C348: Density (mol/l) | D348: Volume (l/mol) | E348: Internal Energy (kJ/mol) | F348: Enthalpy (kJ/mol) | G348: Entropy (J/mol*K) | H348: Cv (J/mol*K) | I348: Cp (J/mol*K) | J348: Sound Spd. (m/s) | K348: Joule-Thomson (K/bar) | L348: Viscosity (uPa*s) | M348: Therm. Cond. (W/m*K) | N348: Phase
A349: 63.151 | B349: 0.1252 | C349: 0.02407 | D349: 41.546 | E349: 1.2945 | F349: 1.8147 | G349: 163.55 | H349: 21.007 | I349: 29.647 | J349: 161.11 | K349: 4.0718 | L349: 4.3763 | M349: 0.0056209 | N349: vapor
A350: 66.532 | B350: 0.2252 | C350: 0.041308 | D350: 24.208 | E350: 1.3588 | F350: 1.9039 | G350: 160.11 | H350: 21.107 | I350: 29.924 | J350: 164.87 | K350: 3.6434 | L350: 4.6254 | M350: 0.0059797 | N350: vapor
A351: 68.861 | B351: 0.3252 | C351: 0.057898 | D351: 17.272 | E351: 1.4017 | F351: 1.9633 | G351: 157.98 | H351: 21.19 | I351: 30.165 | J351: 167.29 | K351: 3.3942 | L351: 4.7984 | M351: 0.0062306 | N351: vapor
A352: 70.677 | B352: 0.4252 | C352: 0.074067 | D352: 13.501 | E352: 1.4342 | F352: 2.0083 | G352: 156.44 | H352: 21.264 | I352: 30.385 | J352: 169.08 | K352: 3.2212 | L352: 4.9342 | M352: 0.0064289 | N352: vapor
A353: 72.183 | B353: 0.5252 | C353: 0.089929 | D353: 11.12 | E353: 1.4606 | F353: 2.0446 | G353: 155.24 | H353: 21.331 | I353: 30.591 | J353: 170.49 | K353: 3.09 | L353: 5.0477 | M353: 0.0065957 | N353: vapor
A354: 73.481 | B354: 0.6252 | C354: 0.10555 | D354: 9.4739 | E354: 1.4828 | F354: 2.0751 | G354: 154.25 | H354: 21.393 | I354: 30.787 | J354: 171.65 | K354: 2.9851 | L354: 5.1461 | M354: 0.006741 | N354: vapor
A355: 74.626 | B355: 0.7252 | C355: 0.12099 | D355: 8.2654 | E355: 1.502 | F355: 2.1014 | G355: 153.41 | H355: 21.452 | I355: 30.975 | J355: 172.64 | K355: 2.8981 | L355: 5.2334 | M355: 0.0068709 | N355: vapor
A356: 75.655 | B356: 0.8252 | C356: 0.13626 | D356: 7.3389 | E356: 1.5189 | F356: 2.1245 | G356: 152.68 | H356: 21.508 | I356: 31.157 | J356: 173.49 | K356: 2.8241 | L356: 5.3124 | M356: 0.0069891 | N356: vapor
A357: 76.592 | B357: 0.9252 | C357: 0.1514 | D357: 6.6049 | E357: 1.534 | F357: 2.1451 | G357: 152.04 | H357: 21.561 | I357: 31.333 | J357: 174.24 | K357: 2.7598 | L357: 5.3848 | M357: 0.007098 | N357: vapor
A358: 77.455 | B358: 1.0252 | C358: 0.16643 | D358: 6.0085 | E358: 1.5476 | F358: 2.1636 | G358: 151.46 | H358: 21.612 | I358: 31.505 | J358: 174.9 | K358: 2.7032 | L358: 5.4518 | M358: 0.0071993 | N358: vapor
A359: 78.255 | B359: 1.1252 | C359: 0.18136 | D359: 5.5139 | E359: 1.56 | F359: 2.1804 | G359: 150.94 | H359: 21.661 | I359: 31.674 | J359: 175.49 | K359: 2.6527 | L359: 5.5143 | M359: 0.0072944 | N359: vapor
A360: 79.003 | B360: 1.2252 | C360: 0.1962 | D360: 5.0968 | E360: 1.5714 | F360: 2.1958 | G360: 150.46 | H360: 21.709 | I360: 31.84 | J360: 176.03 | K360: 2.6072 | L360: 5.573 | M360: 0.0073843 | N360: vapor
... A686: 126.11 | B686: 33.825 | C686: 9.6379 | D686: 0.10376 | E686: 0.74368 | F686: 1.0946 | G686: 120.27 | H686: 49.954 | I686: 11377 | J686: 144.29 | K686: 0.68024 | L686: 16.035 | M686: 0.1114 | N686: vapor
A687: 126.17 | B687: 33.925 | C687: 10.25 | D687: 0.09756 | E687: 0.65034 | F687: 0.98132 | G687: 119.36 | H687: undefined | I687: undefined | J687: undefined | K687: 0.64739 | L687: 16.879 | M687: undefined | N687: vapo

Sheet Constants
B1: Load Cycles | C1: Correction Factor K∆N | E1: Inputs | K1: Final Temp (K) | L1: Contraction (mm)
B2: 1000 | C2: 1.6 | E2: Initial Length (mm) | H2: 1000 | K2: 10 | L2: =($G$9+$G$10*K2+$G$11*K2^2+$G$12*K2^3+$G$13*K2^4)*0.00001*$H$2 -> -2.9859257
B3: 1700 | C3: 1.4 | E3: Final Temperature (K) | H3: 98.49352 | I3: 98.49352 | K3: 11 | L3: =($G$9+$G$10*K3+$G$11*K3^2+$G$12*K3^3+$G$13*K3^4)*0.00001*$H$2 -> -2.9880722
B4: 4000 | C4: 1.2 | E4: Initial Temperature (K) | H4: 293 | K4: 12 | L4: =($G$9+$G$10*K4+$G$11*K4^2+$G$12*K4^3+$G$13*K4^4)*0.00001*$H$2 -> -2.9900443
B5: 10000 | C5: 1 | E5: Material | H5: SS304 | K5: 13 | L5: =($G$9+$G$10*K5+$G$11*K5^2+$G$12*K5^3+$G$13*K5^4)*0.00001*$H$2 -> -2.9918432
K6: 14 | L6: =($G$9+$G$10*K6+$G$11*K6^2+$G$12*K6^3+$G$13*K6^4)*0.00001*$H$2 -> -2.9934702
E7: Integrated Linear Thermal Expansion Coefficients for Metals | K7: 15 | L7: =($G$9+$G$10*K7+$G$11*K7^2+$G$12*K7^3+$G$13*K7^4)*0.00001*$H$2 -> -2.9949264
E8: Coeff | G8: SS304 | K8: 16 | L8: =($G$9+$G$10*K8+$G$11*K8^2+$G$12*K8^3+$G$13*K8^4)*0.00001*$H$2 -> -2.9962131
E9: a | G9: -295.46 | K9: 17 | L9: =($G$9+$G$10*K9+$G$11*K9^2+$G$12*K9^3+$G$13*K9^4)*0.00001*$H$2 -> -2.9973314
E10: b | G10: -0.40518 | K10: 18 | L10: =($G$9+$G$10*K10+$G$11*K10^2+$G$12*K10^3+$G$13*K10^4)*0.00001*$H$2 -> -2.9982826
E11: c | G11: 0.0094014 | K11: 19 | L11: =($G$9+$G$10*K11+$G$11*K11^2+$G$12*K11^3+$G$13*K11^4)*0.00001*$H$2 -> -2.9990678
E12: d | G12: -2.1098e-05 | K12: 20 | L12: =($G$9+$G$10*K12+$G$11*K12^2+$G$12*K12^3+$G$13*K12^4)*0.00001*$H$2 -> -2.9996882
E13: e | G13: 1.878e-08 | K13: 21 | L13: =($G$9+$G$10*K13+$G$11*K13^2+$G$12*K13^3+$G$13*K13^4)*0.00001*$H$2 -> -3.000145
K14: 22 | L14: =($G$9+$G$10*K14+$G$11*K14^2+$G$12*K14^3+$G$13*K14^4)*0.00001*$H$2 -> -3.0004393
E15: Results | K15: 23 | L15: =($G$9+$G$10*K15+$G$11*K15^2+$G$12*K15^3+$G$13*K15^4)*0.00001*$H$2 -> -3.0005724
E16: Fractional Change | H16: =($G$9+$G$10*H3+$G$11*H3^2+$G$12*H3^3+$G$13*H3^4)*0.00001 -> -0.0026255629 | K16: 24 | L16: =($G$9+$G$10*K16+$G$11*K16^2+$G$12*K16^3+$G$13*K16^4)*0.00001*$H$2 -> -3.0005454
E17: Contraction (mm) (Absolute Value) | H17: =ABS(H16*H2) -> 2.6255629 | K17: 25 | L17: =($G$9+$G$10*K17+$G$11*K17^2+$G$12*K17^3+$G$13*K17^4)*0.00001*$H$2 -> -3.0003595
K18: 26 | L18: =($G$9+$G$10*K18+$G$11*K18^2+$G$12*K18^3+$G$13*K18^4)*0.00001*$H$2 -> -3.0000157
K19: 27 | L19: =($G$9+$G$10*K19+$G$11*K19^2+$G$12*K19^3+$G$13*K19^4)*0.00001*$H$2 -> -2.9995153
K20: 28 | L20: =($G$9+$G$10*K20+$G$11*K20^2+$G$12*K20^3+$G$13*K20^4)*0.00001*$H$2 -> -2.9988594
K21: 29 | L21: =($G$9+$G$10*K21+$G$11*K21^2+$G$12*K21^3+$G$13*K21^4)*0.00001*$H$2 -> -2.9980492
K22: 30 | L22: =($G$9+$G$10*K22+$G$11*K22^2+$G$12*K22^3+$G$13*K22^4)*0.00001*$H$2 -> -2.9970857
K23: 31 | L23: =($G$9+$G$10*K23+$G$11*K23^2+$G$12*K23^3+$G$13*K23^4)*0.00001*$H$2 -> -2.9959702
K24: 32 | L24: =($G$9+$G$10*K24+$G$11*K24^2+$G$12*K24^3+$G$13*K24^4)*0.00001*$H$2 -> -2.9947037
K25: 33 | L25: =($G$9+$G$10*K25+$G$11*K25^2+$G$12*K25^3+$G$13*K25^4)*0.00001*$H$2 -> -2.9932874
K26: 34 | L26: =($G$9+$G$10*K26+$G$11*K26^2+$G$12*K26^3+$G$13*K26^4)*0.00001*$H$2 -> -2.9917224
K27: 35 | L27: =($G$9+$G$10*K27+$G$11*K27^2+$G$12*K27^3+$G$13*K27^4)*0.00001*$H$2 -> -2.9900098
K28: 36 | L28: =($G$9+$G$10*K28+$G$11*K28^2+$G$12*K28^3+$G$13*K28^4)*0.00001*$H$2 -> -2.9881507
K29: 37 | L29: =($G$9+$G$10*K29+$G$11*K29^2+$G$12*K29^3+$G$13*K29^4)*0.00001*$H$2 -> -2.9861462
... K119: 127 | L119: =($G$9+$G$10*K119+$G$11*K119^2+$G$12*K119^3+$G$13*K119^4)*0.00001*$H$2 -> -2.3361395
